Lewis;Abernathy;M
Andrew;Adamson;M
William;Addy;M
Seth (I);Adkins;M
Charles (I);Adler;M
Casey;Affleck;M
Shigekazu;Aida;M
Julliet;Akinyi;M
Henri;Alciatore;M
Dean;Alexandrou;M
Jim;Alfonso;M
Carl (I);Allen;M
Ivan (I);Allen;M
Richard (XV);Allen;M
Anthony;Allison;M
Bill (I);Allison;M
Frankie J.;Allison;M
Steve;Altes;M
Walter;Altman;M
Dion;Anderson;M
George (IV);Anderson;M
J. Todd;Anderson;M
Scott G.;Anderson;M
Kris;Andersson;M
David (I);Andrews;M
Jack (I);Angel;M
Joey;Ansah;M
Royce D.;Applegate;M
Julian;Arahanga;M
Raul;Aranas;M
Geoffrey;Arend;M
Guillaume (II);Aretos;M
Alun;Armstrong;M
Neil (I);Armstrong;M
William (I);Armstrong;M
Abraham;Aronofsky;M
Alexis;Arquette;M
Richmond;Arquette;M
Michael;Arturo;M
Graham;Ashley;M
Richard (II);Ashton;M
Edward;Asner;M
David (I);Aston;M
Rene;Auberjonois;M
Mark (III);Austin;M
Ryuichiro;Baba;M
James;Babson;M
Mike;Bacarella;M
Joe;Bacino;M
Kevin;Bacon;M
Michael;Badalucco;M
Diedrich;Bader;M
Eion;Bailey;M
Dylan (I);Baker;M
Kenny (I);Baker;M
Rick (I);Baker;M
Matthew;Balaban;M
Christian;Bale;M
Jeremy;Ball;M
Kirk;Baltz;M
John;Bandemer;M
Ian;Bannen;M
Christopher Daniel;Barnes;M
Roy;Barnitt;M
Jason;Barry;M
Thom;Barry;M
Billy;Barty;M
Dean;Batchelor;M
Joe;Bays;M
Scott;Beach;M
Lightning;Bear;M
Kevin (I);Beard;M
Lou;Beatty Jr.;M
William (II);Beck;M
Andy;Beckwith;M
Ned;Bellamy;M
Gil;Bellows;M
John;Belushi;M
Nat;Benchley;M
Lawrence;Bender;M
Jay (I);Benedict;M
David (I);Benn;M
Jon (I);Berg;M
Loys T.;Bergeron;M
Jules;Bergman;M
Scott Clark;Beringer;M
Xander;Berkeley;M
Jay;Bernard;M
Steve;Bernie;M
Doug;Beswick;M
Val;Bettin;M
Jack;Betts;M
Michael;Biehn;M
Stephen;Billington;M
John (I);Bishop;M
Larry;Bishop;M
Stephen (I);Bishop;M
John;Bisom;M
Richard (II);Bissell;M
Joel;Bissonnette;M
Abdul;Blackmanwest;M
Geoffrey;Blake;M
Matty;Blake;M
Paul (II);Blake;M
Don;Blakely;M
Andrew;Blesser;M
Bobby;Block;M
Stuart;Blumberg;M
Ben;Bode;M
Wolfgang;Bodison;M
Bain;Boehlke;M
Hale;Boggs;M
Bruce;Bohne;M
Bill;Bolender;M
Diedrich;Bollman;M
Josh;Bond;M
Rudy;Bond;M
Bruce;Bonnheim;M
Mark;Boone Junior;M
Tim (I);Booth;M
Eric Bruno;Borgman;M
Morne;Botes;M
Anderson;Bourell;M
David;Bowe;M
Douglass;Bowen Flynn;M
Cameron;Bowen;M
Michael (I);Bowen;M
Cayden;Boyd;M
Eric;Braeden;M
Zach;Braff;M
Richard;Brake;M
Mark;Bramhall;M
Larry;Brandenburg;M
Marlon;Brando;M
Barry;Brandt;M
Willy (I);Brandt;M
Chuck;Brauchler;M
Garrett;Brawith;M
Walter;Breaux;M
Charles;Brehm;M
Ewen;Bremner;M
Leonid;Brezhnev;M
I.D.;Brickman;M
Richard;Bright;M
Paul;Brightwell;M
Johnny;Brink;M
J. Paul;Broadhead;M
Stanley;Brock;M
Charley;Broderick;M
Josh;Brolin;M
Paul;Bronk;M
Randy (I);Brooks;M
Brian;Brophy;M
Clancy;Brown;M
Phil (I);Brown;M
W. Earl;Brown;M
Jon;Bruno;M
Raymond;Buck;M
Jason;Buckham;M
Kim;Bullard;M
Tom (V);Bullock;M
Edward;Bunker;M
Cliff;Bura;M
Ted;Burnett;M
Alex;Burns;M
Steve;Buscemi;M
Michael;Butcher;M
Mike;Butters;M
Ezra;Buzzington;M
Chris (I);Byrne;M
Eddie;Byrne;M
Michael (I);Byrne;M
James;Caan;M
Scott;Caan;M
Charles;Cabell;M
Earle;Cabell;M
John (I);Cadenhead;M
Harry;Caesar;M
Michael (I);Caine;M
Paul;Calderon;M
Philip;Caldwell;M
Roger;Callard;M
Cody;Cameron;M
James (I);Cameron;M
Hamilton;Camp;M
Bruce (I);Campbell;M
Sol;Campbell;M
Bruno;Campolo;M
John;Candy;M
Mickey;Cantwell;M
Jason Ninh;Cao;M
Mark;Capri;M
Paul;Carafotes;M
Chris;Carley;M
Francis M.;Carlson;M
Liam;Carney;M
David;Carradine;M
Price;Carson;M
Gary (I);Carter;M
Nicholas;Cascone;M
Aaron James;Cash;M
Marc;Cass;M
Vincent;Cassel;M
Richard S.;Castellano;M
Fidel (I);Castro;M
Frank;Cavestani;M
John;Cazale;M
Barry;Chambers;M
John (V);Chapman;M
Kevin (I);Chapman;M
Mark Lindsay;Chapman;M
Don;Cheadle;M
Ken;Cheeseman;M
Peter;Cheyenne;M
Sonny;Chiba;M
Jimmy;Chisholm;M
Fred;Chiverton;M
Arnold;Chon;M
Marcus;Chong;M
Tory;Christopher;M
Carl;Ciarfalio;M
Jude;Ciccolella;M
Franco;Citti;M
Eric (I);Clark;M
Spencer Treat;Clark;M
William Paul;Clark;M
Adam (I);Clarke;M
Christian;Clemenson;M
George;Clooney;M
Hugo;Codaro;M
Gary (I);Cole;M
Michael (XIII);Coleman;M
Daniel;Coli;M
Marty (II);Collins;M
Frank;Collison;M
Sydney 'Big Dawg';Colston;M
Vance;Colvig Jr.;M
Steven;Colvin;M
Tim;Condren;M
Jack;Conley;M
John (I);Connally;M
Brendan;Connolly;M
Michael S.;Connolly;M
Richard;Conte;M
Kevin (I);Conway;M
Gregory (I);Cooke;M
Christopher E.;Cooper;M
John Sherman;Cooper;M
Harold E.;Cope Jr.;M
Zachary David;Cope;M
Barry;Copping;M
Carmine;Coppola;M
Gian-Carlo;Coppola;M
Charles;Cork;M
Roger;Corman;M
Salvatore;Corsitto;M
Ralph;Cosham;M
James;Cosmo;M
Tony;Cosmo;M
Kevin;Costner;M
Richard;Cotovsky;M
Brian (I);Cox;M
Darryl;Cox;M
Sidney;Cox;M
Willard;Cox;M
Joe (I);Coyle;M
Chris;Cragnotti;M
John D.;Craig;M
Simon (I);Crane;M
Matt (I);Craven;M
Thomas (I);Crawford;M
Robert;Cray;M
Walter;Cronkite;M
David;Cronnelly;M
Trevor;Crouch;M
Tom;Cruise;M
Brett;Cullen;M
Joseph;Culp;M
Jim;Cummings;M
James (I);Cunningham;M
James;Curatola;M
Phill;Curr;M
Tim (I);Curry;M
Alfie;Curtis;M
Peter;Cushing;M
Vincent (I);D'Onofrio;M
Goro;Daimon;M
Sam (I);Dalton;M
Matt;Damon;M
Benjamin;Dane;M
Joshua;Daniel;M
Anthony;Daniels;M
J.D.;Daniels;M
Cesare;Danova;M
James;Daughton;M
Elwin 'Chopper';David;M
John (IV);Davies;M
Robert (V);Davies;M
Gary Lee;Davis;M
Norman;Davis;M
J.C.;Day;M
Charles;de Gaulle;M
Jesse;De Luna;M
Tim;De Zarn;M
Loren;Dean;M
Robertson;Dean;M
Dalton;Dearborn;M
Mickey;Dee;M
Benicio;Del Toro;M
Michael;Delano;M
Brian;Delate;M
Charlie;Dell;M
Michael;DeLorenzo;M
Martin (I);Dempsey;M
Jeffrey;DeMunn;M
Robert A.;Denham;M
Tony;Denman;M
Barry;Dennen;M
Peter;Dennis;M
Eugene C.;DePasquale;M
Thomas;Derrah;M
William;Devane;M
Fraser;Diamond;M
Peter (I);Diamond;M
Warwick;Diamond;M
Leonardo;DiCaprio;M
Paul (I);Dillon;M
Douglas;Dirkson;M
Steve;Dodd;M
Sean Patrick;Doherty;M
John;Doman;M
Ron;Donachie;M
Liam;Donaghy;M
Ray;Donn;M
Richard;Doone;M
Matt;Doran;M
Al Manuel;Douglas;M
Brad R.;Douglas;M
Jerry (I);Douglas;M
Jerry (III);Douglas;M
Sam (I);Douglas;M
Scott;Dow;M
Barry;Dowden;M
Brian;Doyle-Murray;M
Austin;Drage;M
François;du Bois;M
Todd;Duffey;M
Shay;Duffin;M
John (I);Dullaghan;M
Allen;Dulles;M
Jebidiah R.;Dumas;M
Kevin (I);Dunn;M
Martin;Dunne;M
Charles;Durning;M
Robert (I);Duvall;M
Wayne;Duvall;M
Dale;Dye;M
Martin;East;M
Rick;Eby;M
Freedom;Eche;M
James;Ecklund;M
Steve (III);Edelman;M
Charles (VI);Edwards;M
Dwight D.;Eisenhower;M
R. Bruce;Elliott;M
Robert (II);Elliott;M
Chris (I);Ellis;M
Greg (II);Ellis;M
Jonathan D.;Ellis;M
James;Embree;M
Michael;Ensign;M
Ludwig;Erhard;M
Bill;Erwin;M
Georg O.P.;Eschert;M
Pablo (I);Espinosa;M
Ato;Essandoh;M
Troy;Evans;M
Jonathan;Evans-Jones;M
Wayne A.;Evenson;M
Blain;Fairman;M
Anders (I);Falk;M
Tim;Faraday;M
Dennis;Farina;M
Lonnie;Farmer;M
Reginald;Farmer;M
John;Farnell;M
Hugh;Feagin;M
John;Fedevich;M
Russ;Fega;M
José;Feliciano;M
Jorge (II);Fernández;M
Martin;Ferrero;M
John;Ferus;M
Christopher John;Fields;M
John (I);Finnegan;M
Michael W.;Finnell;M
John C.;Fiore;M
Siegfried;Fischbacher;M
Laurence;Fishburne;M
George (III);Fisher;M
Mark (I);Fite;M
Shawn;Fitzgibbon;M
Tommy (I);Flanagan;M
Jason;Flemyng;M
Edward;Fletcher;M
Shawn;Fogarty;M
Adam;Fogerty;M
Gabriel;Folse;M
Jon;Foo;M
Alan (I);Ford;M
Harrison (I);Ford;M
Terry;Forestal;M
Anthony (I);Forrest;M
Grant;Forsberg;M
Edmund Alan;Forsyth;M
Millford;Fortenberry;M
V.J.;Foster;M
Bernard (I);Fox;M
Richard (I);Fox;M
Christopher;Francis;M
Romeo;Francis;M
Robert (IV);Frank;M
Tony;Frank;M
Scott;Franklin;M
Alfonso;Freeman;M
Issac;Freeman;M
John (III);Freeman;M
Morgan (I);Freeman;M
Barry;Friedman;M
Takashi (I);Fujii;M
Stephen;Furst;M
Thomas;Füri;M
Ted;Gagliano;M
Corrado;Gaipa;M
Michael;Galasso;M
Ed;Gale;M
Johnny;Galecki;M
John William;Galt;M
David (I);Gant;M
Mark;Gantt;M
Victor;Garber;M
Andy (I);Garcia;M
Jay;Gardner;M
Salo;Gardner;M
Dave Zee;Garison;M
James (IV);Garrett;M
Jim (I);Garrison;M
Quinn;Gasaway;M
James;Gaulke;M
Steve;Gawley;M
Anthony;Geary;M
Robbie;Gee;M
Bruce;Gelb;M
Leo;Geter;M
John;Ghaly;M
Sam;Giancana;M
Donal;Gibson;M
Mel (I);Gibson;M
Alec;Gifford;M
Werner;Giger;M
Peter;Gil;M
Ed;Gilbert;M
Gary (I);Gilbert;M
Ron (I);Gilbert;M
Michael;Gilden;M
Roswell;Gilpatric;M
Tony (I);Giorgio;M
Michael;Girardin;M
Neil;Giuntoli;M
Gil;Glasgow;M
Brendan;Gleeson;M
Herbert;Glucksman;M
Barry;Gnome;M
Paul (I);Goddard;M
Rusty;Goffe;M
Erwin;Goldi;M
Matthew;Gonder;M
Matthew Michael;Goodall;M
Taylor;Goodall;M
Dwight;Gooden;M
Cuba;Gooding Jr.;M
John (I);Goodman;M
Thom;Gossom Jr.;M
Jim;Gough;M
Bill;Gould;M
Elliott;Gould;M
Geoffrey;Gould;M
Anthony;Gounaris;M
Topher;Grace;M
Gerrit;Graham;M
Richard (I);Graham;M
Stephen (I);Graham;M
Isaac;Grand;M
Marc;Gray;M
Kenneth;Graymez;M
Ivan;Green;M
Gordon;Greene;M
Peter (I);Greene;M
Rick;Greenough;M
Kevin Scott;Greer;M
William (II);Greer;M
Zach;Grenier;M
Googy;Gress;M
Duane;Grey;M
Laurence R.;Griffin;M
Joe Lo;Grippo;M
Robert J.;Groden;M
Max;Grodénchik;M
Andrei;Gromyko;M
Sonny;Grosso;M
Gary;Grubbs;M
Ioan;Gruffudd;M
Greg;Grunberg;M
Christopher;Guest;M
Alec;Guinness;M
Tom;Guiry;M
Sean;Gullette;M
Bob;Gunton;M
Michael;Gurievsky;M
Louis;Guss;M
Buddy;Hackett;M
Paul;Haggar;M
Nik;Hagler;M
Garrick;Hagon;M
Sid;Haig;M
Robert;Haley;M
Jack (V);Hall;M
Nelson (I);Hall;M
Todd (I);Hallowell;M
Eldon G.;Hallum;M
Craig;Hamann;M
Mark (I);Hamill;M
Robert;Hamlett;M
Ari;Handel;M
Larry;Hankin;M
Tom;Hanks;M
Peter;Hanly;M
Barry (II);Hansen;M
Nigel;Harbach;M
Reg;Harding;M
Bobby;Hargis;M
John;Harlan;M
James N.;Harrell;M
Alan (III);Harris;M
Baxter;Harris;M
Ed (I);Harris;M
Robert F.;Harrison;M
Todd;Harrison;M
Lorenz;Hasler;M
Tamer;Hassan;M
John (I);Hathaway;M
Yasuhiko;Hattori;M
Ben;Hauck;M
Rutger;Hauer;M
Alan;Haufrect;M
Jakob;Hawkins;M
Phil;Hawn;M
Fumihiro;Hayashi;M
Sterling;Hayden;M
David;Hecht;M
Gary A.;Hecker;M
Don (II);Henderson;M
Drewe;Henley;M
Christopher;Henn;M
Lance;Henriksen;M
Frank;Henson;M
Andrew J.;Hentz;M
Paul (IV);Herbert;M
Richard (I);Herd;M
David (I);Herman;M
Stanley;Herman;M
Jorge R.;Hernandez;M
Miles;Herter;M
Harold G.;Herthum;M
Stephen;Hibbert;M
Bernard;Hill;M
Clint;Hill;M
Scott;Hinds;M
Scott;Hislop;M
Sid;Hoare;M
Jerome Patrick;Hoban;M
Jimmy;Hoffa;M
Robert (X);Hoffman;M
Larry (I);Holden;M
Ryan;Holihan;M
Erik;Holland;M
Ian;Holm;M
David (III);Holt;M
William;Hootkins;M
J. Edgar;Hoover;M
William;Hope;M
Tim;Hopper;M
Roy;Horn;M
J.R.;Horne;M
Bernard;Horsfall;M
John (II);Horton;M
Andrew;Houghton;M
Gary;Houston;M
Michael;Hovinga;M
Keith;How;M
Clint;Howard;M
Jeff (VII);Howard;M
Rance;Howard;M
Tom (II);Howard;M
Arthur (II);Howell;M
Xiaohui;Hu;M
Martin;Hub;M
Zach;Hudson;M
Michael (VII);Hughes;M
Miko;Hughes;M
Tom;Hulce;M
Endre;Hules;M
Hubert H.;Humphrey;M
Bob;Hungerford;M
Jonathan;Hyde;M
Peter;Iacangelo;M
Luis;Icaza;M
Yumi;Ikeda;M
Tommy;Ilsley;M
Angelo;Infanti;M
Ronald;Isaac;M
J.C.;Islander;M
George;Ivey;M
Doug (I);Jackson;M
Jesse (I);Jackson;M
John M.;Jackson;M
Joshua;Jackson;M
Kyle Scott;Jackson;M
Ron (I);Jackson;M
Samuel L.;Jackson;M
Emmett;James;M
Grant (I);James;M
Lennie;James;M
Gabriel;Jarret;M
Martin;Jarvis;M
Steve;Jay;M
Herb;Jefferson Jr.;M
Eddie;Jemison;M
David (II);Jensen;M
DeWayne;Jessie;M
Darren;Joel;M
Rudy;Joffroy;M
Chris (IV);Johnson;M
Lyndon (I);Johnson;M
William (I);Johnson;M
J.J.;Johnston;M
Joe (I);Johnston;M
James Earl;Jones;M
John Randolph;Jones;M
Orlando;Jones;M
Seth Adam;Jones;M
Tommy Lee;Jones;M
Vinnie;Jones;M
Oscar;Jordan;M
John (IX);Joyce;M
John (III);Judd;M
Mike (I);Judge;M
Chuck;Julian;M
Daniel;Kash;M
John (I);Kavanagh;M
Hiroshi (I);Kawashima;M
Joe;Kaye;M
John;Kazek;M
Charlie;Kearns;M
Ryan;Keating;M
Michael;Kehoe;M
Harvey;Keitel;M
Warren (I);Keith;M
J.D.;Kelleher;M
Roy;Kellerman;M
Craig (II);Kelly;M
George (II);Kelly;M
Jason (III);Kelly;M
M.G.;Kelly;M
Phil (I);Kelly;M
Ken;Kemp;M
Tom (I);Kemp;M
Victor;Kempster;M
John;Kennedy Jr.;M
John F.;Kennedy;M
Joseph P.;Kennedy;M
Mike (VI);Kennedy;M
Paul (I);Kennedy;M
Robert F.;Kennedy;M
T.J.;Kennedy;M
Ted (I);Kennedy;M
Douglas;Kenney;M
Tony (I);Kenny;M
Jimmy;Keogh;M
John;Kepley;M
Alan R.;Kessler;M
Nikita;Khrushchev;M
Joon B.;Kim;M
Chris Thomas;King;M
Martin Luther;King;M
Jari (I);Kinnunen;M
James;Kisicki;M
Kazuki;Kitamura;M
Nobuhiko;Kitamura;M
Colin Michael;Kitchens;M
Nao;Kitman;M
Jack;Klaff;M
Vladimir;Klitschko;M
Jeffrey;Kluger;M
Travis (I);Knight;M
Wayne (I);Knight;M
Christopher;Knights;M
Ryo;Kondo;M
Tommy;Kordick;M
Christopher;Kosiciuk;M
Edward (I);Kowalczyk;M
Mark;Kozelek;M
Charlie;Kranz;M
Scott;Krueger;M
Mark;Kubiak;M
Jun;Kunimura;M
Michael;Kuroiwa;M
Naomi;Kusumi;M
Joe;La Due;M
Charles;La Russa;M
Martin (I);Laing;M
Phil;LaMarr;M
Jim;Lampley;M
James;Lancaster;M
Anthony;Lang;M
Odin K.;Langford;M
Edward G.;Lansdale;M
Rob;Lanza;M
John;Larroquette;M
William;Larsen;M
John (I);Laughlin;M
Peter;Lawford;M
Sean;Lawlor;M
Harry (I);Lawrence;M
Matthew (I);Lawrence;M
Steve (I);Lawrence;M
Denis;Lawson;M
Derek;Lea;M
Richard;Leaf;M
Bernard;Ledger;M
Nathaniel;Lee Jr.;M
Jason (I);Lee;M
Tommy (VI);Lee;M
Zachary;Lee;M
John;Lees;M
Tim;Leffman;M
David;Legeno;M
Adam;LeGrant;M
Ron;Leibman;M
David;Leitch;M
Curtis;LeMay;M
Jack;Lemmon;M
Thomas (III);Lennon;M
Richard;LeParmentier;M
Ray;LePere;M
Jared;Leto;M
Al;Lettieri;M
Ken (I);Leung;M
Jay;Levey;M
Gus;Lewis;M
Lennox;Lewis;M
David;Lewison;M
Brian;Libby;M
Richard;Lifschutz;M
Michael;Lightsey;M
Chandler;Lindauer;M
Van;Ling;M
Jeff;Lipman;M
Andrew;Lipschultz;M
Gaetano;Lisi;M
Laine;Liska;M
John;Lithgow;M
Chia Hui;Liu;M
Ron;Livingston;M
Tyrone R.;Livingston;M
John (II);Locke;M
Henry Cabot;Lodge;M
Spain;Logue;M
David S.;Lomax;M
Mike;Longman;M
Shep;Lonsdale;M
Dean;Lopata;M
Scotch Ellis;Loring;M
Jonathan;Loughran;M
Todd;Louiso;M
Jim;Lovell;M
Lawrence;Lowe;M
Patrice;Lumumba;M
Morgan;Lund;M
Jacob Neal;Lunders;M
Will;Lyman;M
Don (II);Lynch;M
John Carroll;Lynch;M
Austin;Lysy;M
K. Todd;Lytle;M
Bernie;Mac;M
James (I);MacArthur;M
Ryan (I);MacDonald;M
Frank;Macetta;M
Angus;Macfadyen;M
Angus;MacInnes;M
Kevin Scott;Mack;M
Andrew;Mackin;M
William H.;Macy;M
Michael (I);Madsen;M
Ken;Magee;M
Augusto;Magoni;M
George;Maguire;M
Kabir;Mahjoori;M
Jun;Maki;M
Joshua;Malina;M
Peter (I);Maloney;M
Method;Man;M
Alf;Mangan;M
Scott (I);Mann;M
J.P.;Manoux;M
Clint;Mansell;M
Paul;Mantee;M
William;Mapother;M
Adam;Maras;M
Bob;Maras;M
Noah;Margetts;M
Mark;Margolis;M
Jason;Marin;M
Nicholas;Marino;M
Brian;Markinson;M
Ben;Marley;M
John;Marley;M
Akaji;Maro;M
Kenneth;Mars;M
Charles (II);Marsh;M
James (I);Marshall;M
Robert (II);Marshall;M
B.J.;Martin;M
Brad (I);Martin;M
John C.;Martin;M
Johnny (I);Martin;M
Steve (I);Martin;M
Lou;Martini Jr.;M
Al;Martino;M
John (I);Martino;M
Owen;Masterson;M
Tim (I);Matheson;M
John M.;Mathews;M
Walter;Matthau;M
Al;Matthews;M
Brad;Mavis;M
James;Mawhinney;M
Paul (I);Maxwell;M
Seth Michael;May;M
Peter (II);Mayhew;M
Jeff (I);Maynard;M
Stan;Mazin;M
Holt;McCallany;M
Rick (I);McCallum;M
Eugene (III);McCarthy;M
Kevin (I);McCarthy;M
Sean (I);McCartin;M
John J.;McCloy;M
Marc (I);McClure;M
John (I);McConnell;M
J. Patrick;McCormack;M
Paul;McCrane;M
Alex;McCrindle;M
Grant;McCune;M
Mac (I);McDonald;M
Colin (I);McFarlane;M
Bruce;McGill;M
John C.;McGinley;M
Sean;McGinley;M
Russ;McGinn;M
Patrick;McGoohan;M
Barry;McGovern;M
Michael (I);McGovern;M
Tim;McIntyre;M
David (II);McKay;M
Michael;McKean;M
Mark;McKeel;M
Ray;McKinnon;M
Rod;McKuen;M
Errol;McLendon;M
Liam;McMahon;M
Don (I);McManus;M
Patrick;McMullen;M
Pat (I);McNamara;M
Robert (I);McNamara;M
Michael (I);McShane;M
Gerard;McSorley;M
Nick;Meaney;M
Randy;Means;M
Dean;Measor;M
Frank;Medrano;M
Larry;Melton;M
Larry;Merchant;M
Jim;Meskimen;M
Mark;Metcalf;M
Eric (II);Meyers;M
Rusty;Meyers;M
Lou;Meza;M
Patrick;Mickler;M
Clark;Middleton;M
Hikaru;Midorikawa;M
Andy;Milder;M
Mack;Miles;M
Tomas;Milian;M
Chris (III);Miller;M
Chris (VII);Miller;M
Dick (I);Miller;M
Matt (II);Miller;M
Zeke;Mills;M
Kazuyoshi;Minamimagoe;M
Willie;Minor;M
Evan;Mirand;M
Red (II);Mitchell;M
Robert (I);Mobbs;M
John;Moio;M
Lenny;Montana;M
Sal;Monte;M
Jeff;Moon;M
Bennie;Moore;M
Yoshiyuki;Morishita;M
Ryan B.;Moschetti;M
Mohammed;Mossadegh;M
Akira;Motomura;M
Peter;Mullan;M
Jan;Munroe;M
Bill;Murdoch;M
Cillian;Murphy;M
Eddie (I);Murphy;M
Gerard (II);Murphy;M
Martin (I);Murphy;M
Patrick (IV);Murphy;M
Bill (I);Murray;M
John;Murtagh;M
James;Murtaugh;M
Mike;Myers;M
Joseph;Nadell;M
Ajay;Naidu;M
Tetsuro;Naka;M
Kanako;Nakazato;M
Akimitsu;Naruyama;M
Geoffrey;Nauffts;M
Larry;Nazimek;M
Edwin;Neal;M
Liam;Neeson;M
Adam (I);Nelson;M
Christopher Allen;Nelson;M
Clifford;Nelson;M
Sandy (II);Nelson;M
Tim Blake;Nelson;M
Sean;Nepita;M
Larry;Neumann Jr.;M
Ron (I);Newell;M
John M.;Newman;M
Mark D.;Newman;M
Wayne;Newton;M
Dinh Diem;Ngo;M
Jack;Nicholson;M
Daniel;Niswander;M
Richard;Nixon;M
Paul L.;Nolan;M
Kunichi;Nomura;M
Lance;Norris;M
Alex;Norton;M
Edward (I);Norton;M
Danny;Nucci;M
Paul;O'Boyle;M
Patrick (I);O'Brian;M
Austin;O'Brien;M
Conan;O'Brien;M
Niall;O'Brien;M
Ruary;O'Connell;M
David (I);O'Connor;M
Conor;O'Farrell;M
David (I);O'Hara;M
Denis;O'Hare;M
Ed;O'Keefe;M
Jer;O'Leary;M
Mike (II);O'Neal;M
Stephen;O'Neil Martin;M
Kenji;Ohba;M
Yuji;Okabe;M
Gary;Oldman;M
Bjørn (I);Olsen;M
Willem;Oltmans;M
Louis;Ortiz;M
Bob;Orwig;M
Ron;Ostrow;M
Kevin;Owers;M
Michael;Ozag;M
Robert;Ozasky;M
Al;Pacino;M
Gene;Pack;M
Oliver;Page;M
T. Bruce;Page;M
Shah Mohammed Reza;Pahlavi;M
Gary (I);Palmer;M
Lew;Palter;M
Joe;Pantoliano;M
Connor;Paolo;M
John;Paragon;M
Steve (I);Park;M
Anthony Ray;Parker;M
Brad (I);Parker;M
James;Parks;M
Michael (I);Parks;M
Anthony;Parrulli;M
Jim (II);Parsons;M
Robert;Paterson;M
Frank (III);Patton;M
Bill;Paxton;M
Guy (I);Pearce;M
Stephen;Pearlman;M
Clive;Pearse;M
Malachi;Pearson;M
Shaun;Pearson;M
Michael;Peavey;M
Joe;Pecoraro;M
Todd;Peirce;M
Gregory;Pekar;M
Chris (I);Penn;M
Sean;Penn;M
Ted;Pennebaker;M
Del;Pentecost;M
Marco;Perella;M
Timothy Paul;Perez;M
John;Perryman;M
Joe;Pesci;M
Robert (I);Peters;M
Lorne;Peterson;M
George;Petrie;M
Rick;Petrucelli;M
Dan (I);Pettersson;M
Emo;Philips;M
Jonathan (I);Phillips;M
Bill;Pickle;M
Gary;Pike;M
Joseph;Pilato;M
Mark;Pinter;M
Brad;Pitt;M
Greg (II);Pitts;M
Tony;Plana;M
Antonio;Polk;M
Kevin;Pollak;M
Alan;Polonsky;M
Stevo;Polyi;M
J.T.;Pontino;M
Manley;Pope Jr.;M
Justin;Possenti;M
Marcus;Powell;M
David F.;Powers;M
Francis Gary;Powers;M
Harve;Presnell;M
J.A.;Preston;M
Steve F.;Price Jr.;M
Ray;Proscia;M
David;Proval;M
David;Prowse;M
John;Pungitore;M
Jack;Purvis;M
Duncan;Putney;M
Miguel (I);Pérez;M
Shaobo;Qin;M
Van;Quattro;M
Luke;Quinton;M
Joseph;Ragno;M
David;Raiport;M
Cliff;Rakerd;M
Anthony (I);Ramirez;M
Chad;Randau;M
Steve;Rankin;M
Jim;Raqelin;M
A. Ray;Ratliff;M
Ray;Redd;M
Brian;Reddy;M
H.E.D.;Redford;M
Markus;Redmond;M
Richard (III);Reed;M
Steve;Reed;M
Keanu;Reeves;M
Steve;Reevis;M
Mike (I);Reid;M
Rob;Reider;M
Carl;Reiner;M
Tracy;Reiner;M
Paul;Reiser;M
Calvin;Remsberg;M
Victor;Rendina;M
John (I);Reneau;M
Chris;Renna;M
Callum Keith;Rennie;M
Joe;Restivo;M
Rupert;Reyes;M
Ving;Rhames;M
Ralph;Riach;M
Giovanni;Ribisi;M
Bill (III);Richards;M
Burt;Richards;M
Michael (I);Richards;M
Sal;Richards;M
Frank;Ridley;M
Peter;Riegert;M
Richard;Riehle;M
Armando;Riesco;M
Ron;Rifkin;M
Steve;Rifkin;M
Gary (I);Riley;M
Shane;Rimmer;M
Guy;Ritchie;M
James (I);Ritz;M
Linus;Roache;M
Tim (I);Robbins;M
George R.;Robertson;M
Chris (II);Robinson;M
James (II);Robinson;M
Raymone;Robinson;M
Robby;Robinson;M
Troy;Robinson;M
John;Robotham;M
Alex;Rocco;M
Nelson;Rockefeller;M
David;Rockit Hynes;M
Kevin;Roden;M
Alex;Rodine;M
David C.;Roehm Sr.;M
Mark;Rolston;M
Michael;Rooker;M
Stephen (I);Root;M
Thomas;Rosales Jr.;M
José Ramón;Rosario;M
Marcio;Rosario;M
Jim (I);Rose;M
Johnny;Roselli;M
Arthur;Rosenberg;M
Tom;Rosqui;M
Ricco;Ross;M
Tim;Roth;M
George;Roubicek;M
Jimmy;Roussounis;M
Oscar;Rowland;M
Roman;Rudenko;M
Reed;Rudy;M
Steve;Ruge;M
Kurt (I);Russell;M
Richard (II);Russell;M
Gianni (I);Russo;M
Perry R.;Russo;M
Robert;Ruth;M
Richard;Rutowski;M
Will;Ryan;M
Robin;Sachs;M
William (I);Sadler;M
Dr. Anatoly M.;Sagalevitch;M
Yumika;Saki;M
Matthew;Saks;M
Tony;Salome;M
Jay O.;Sanders;M
Jonathan;Sanger;M
Oren;Sarch;M
Peter;Sarsgaard;M
Sakichi;Satô;M
Joe;Savino;M
Jeffrey;Scaperrotta;M
Steven I.;Schafer;M
Peter;Schmitz;M
Leslie;Schofield;M
Fred;Schruers;M
Armand;Schultz;M
Tom;Schuster;M
Laurent;Schwaar;M
Jon (I);Schwartz;M
Lloyd;Schwartz;M
Scott L.;Schwartz;M
Kurt;Schweickhardt;M
Chris (III);Scott;M
Nathan (II);Scott;M
Timothy (I);Scott;M
William;Scott-Masson;M
Vito;Scotti;M
Ray;Seiden;M
John;Seitz;M
Haile;Selassie;M
Arthur;Senzy;M
Rade;Serbedzija;M
Brent;Sexton;M
Merlyn;Sexton;M
Michael (V);Shannon;M
Duane;Sharp;M
Patrick (III);Shea;M
Martin;Sheen;M
Kent;Shelton;M
Ben (II);Shenkman;M
Sy;Sher;M
Kazuko (I);Shibata;M
Andrew;Shield;M
Osamu;Shigematu;M
Tetsuro;Shimaguchi;M
Asuka;Shimuzu;M
Gary;Shorelle;M
John;Short;M
David M.;Shoup;M
Gregory;Silva;M
Henry;Silva;M
Jorge (II);Silva;M
Trinidad;Silva;M
Fred;Simonds;M
Robert;Simper;M
Jeremy;Sinden;M
Gary;Sinise;M
Emil;Sitka;M
Frank;Sivero;M
Curt;Skaggs;M
Jimmie F.;Skaggs;M
Bix;Skahill;M
Michael;Skipper;M
Max Elliott;Slade;M
Joey;Slotnick;M
Eddie Bo;Smith Jr.;M
David Lee;Smith;M
Dean (I);Smith;M
Jim (I);Smith;M
Simon J.;Smith;M
Stephen Wolfe;Smith;M
Tim;Snay;M
Roy;Snell;M
Ed;Snodderly;M
Steven;Soderbergh;M
Ronn;Soeda;M
David (II);Sontag;M
Larry;Sontag;M
Aaron;Sorkin;M
Michael;Sottile;M
Timothy;Spall;M
Joe (I);Spano;M
Brad (I);Spencer;M
Alvin;Spicuzza;M
Steven;Spielberg;M
Joe;Spinell;M
John;St. Paul;M
Joe (II);Stapleton;M
Jason;Statham;M
Trevor;Steedman;M
Richard (I);Steele;M
David (I);Steen;M
Burr;Steers;M
Ben;Stein;M
Gregory;Stenson;M
Yuri (II);Stepanov;M
Cliff;Stephens;M
Robert J.;Stephenson;M
Jodiviah;Stepp;M
Andrei;Sterling;M
Adlai;Stevenson;M
Emanuel;Steward;M
Ewan (I);Stewart;M
George;Stock;M
Murray;Stokes;M
Christian;Stolte;M
Eric;Stoltz;M
Sean;Stone;M
Sam;Stoneburner;M
Peter;Stormare;M
David;Strahlberg;M
Roy;Straite;M
Mark;Straker;M
Mark (I);Strange;M
Peter;Sturgeon;M
Shun;Sugata;M
Darius A.;Sultan;M
John E.;Summers;M
Neil;Summers;M
Peter;Sumner;M
Donald (I);Sutherland;M
Kiefer;Sutherland;M
Bo;Svenson;M
John;Sylla;M
Tom;Sylla;M
The Great John;Sypolt;M
Peter;Szakacs;M
Béla;Szedlák;M
Ferenc;Szedlák;M
Gary;Taggart;M
John;Taheny;M
Michael;Taheny;M
Ikuko;Takahashi;M
Issei;Takahashi;M
Noguchi;Takayuki;M
Kei;Takyo;M
Alan;Tall;M
Koichi (I);Tanaka;M
Yoji;Tanaka;M
Tony;Tang;M
Quentin;Tarantino;M
Anthony;Taurasi;M
David;Tawil;M
Maxwell;Taylor;M
Noah;Taylor;M
Robert (VII);Taylor;M
Rocky (I);Taylor;M
Michael;Telmont;M
Leonard;Termo;M
Mick;Theo;M
David Jean;Thomas;M
Rohn;Thomas;M
Reece P.;Thompson III;M
Mel;Thompson;M
Cameron;Thor;M
Bill;Thorpe;M
Lawrence;Tierney;M
Malcolm;Tierney;M
Andy;Till;M
Wayne;Tippet;M
Phil;Tippett;M
Tip;Tipping;M
Ken;Tipton;M
Stephen;Tobolowsky;M
Lee;Tockar;M
Bryan (II);Todd;M
Yann;Toderi;M
Jonathan;Togo;M
Carl;Toop;M
Velibor;Topic;M
Gabriele;Torrei;M
Cy;Town;M
John;Travolta;M
R. Gern;Trowbridge;M
Mark Rafael;Truitt;M
Burnell;Tucker;M
Paul (IV);Tucker;M
Henry;Tull III;M
Tom (I);Tumminello;M
Liam;Tuohy;M
Rich;Turner;M
John;Turturro;M
Stephen;Twigger;M
Charles;Tyner;M
Morgan (I);Upton;M
Vern;Urich;M
Saro;Urzì;M
David;Valenza;M
Brian;Van Kay;M
Robin;Van Sharner;M
Rupert;Vansittart;M
Ed;Vantura;M
Ned;Vaughn;M
Conrad (I);Vernon;M
John (I);Vernon;M
Eric A.;Vicini;M
Jean-Paul;Vignon;M
Abe;Vigoda;M
Pruitt Taylor;Vince;M
Buzz;Visconti;M
Matthew;Vlahakis;M
David (I);Vogt;M
Daniel;von Bargen;M
Martin;von Haselberg;M
Walter;von Huene;M
Ronald;von Klaussen;M
Francisco;Váldez;M
Henry M.;Wade;M
Rowland;Wafford;M
Robert;Wahlberg;M
John;Walcutt;M
Christopher;Walken;M
Stephen Eugene;Walker;M
Ryan (III);Wallace;M
Eli;Wallach;M
Bobby;Walsh;M
Brian (II);Walsh;M
J.T.;Walsh;M
Jerry;Walters;M
Mark Edward;Walters;M
Hal;Wamsley;M
Larry (I);Ward;M
Lyman;Ward;M
Vincent (II);Ward;M
David (I);Warner;M
Earl (I);Warren;M
Jim (II);Warren;M
Lou B.;Washington;M
Gedde;Watanabe;M
Ken (I);Watanabe;M
Wilson;Waters Jr.;M
Barry (I);Watson;M
Cameron (I);Watson;M
Lee (II);Weaver;M
Hugo;Weaving;M
Harold;Weed;M
Stephen;Wehmeyer;M
Robert;Weil;M
Jerry;Weintraub;M
Andrew;Weir;M
Jeff (I);Weiss;M
Robert K.;Weiss;M
Scott;Welch;M
Frank;Welker;M
Don;Wescott;M
Jim (I);West;M
Shane;West;M
Bill (I);Weston;M
Michael (I);Weston;M
Alex;Wexo;M
Frank;Whaley;M
John (I);Wheeler;M
Mark (I);Wheeler;M
Duane;Whitaker;M
Adryn;White;M
Buck;White;M
Kenneth (I);White;M
Stanley;White;M
Tam;White;M
James;Whitmore;M
Gene;Whittington;M
Mal;Whyte;M
James;Widdoes;M
Bates;Wilder;M
Michael Shamus;Wiles;M
Tom (I);Wilkinson;M
Jhaemi;Willens;M
Chalon;Williams;M
Joe (IV);Williams;M
Larry (XII);Williams;M
Mykal Wayne;Williams;M
Steve 'Spaz';Williams;M
Bruce;Willis;M
Phillip L.;Willis;M
Mark;Willms;M
Paul (I);Willson;M
Garth;Wilton;M
Brian;Wimmer;M
William;Windom;M
Matt (I);Winston;M
Scott;Winters;M
Joseph;Witt;M
Louis Steven;Witt;M
Rowan;Witt;M
George C.;Wolfe;M
Fred;Wood;M
Tom (II);Wood;M
Tom;Woodruff Jr.;M
Randy;Woodside;M
John R.;Woodward;M
Lawrence;Woodward;M
Ben (I);Wright;M
Bruce (I);Wright;M
Samuel E.;Wright;M
Steven (I);Wright;M
Noah;Wyle;M
Nicholas;Wyman;M
Angus G.;Wynne III;M
Malcolm;X;M
Kazuo;Yamada;M
Akira (II);Yamaguchi;M
Satoshi;Yamanaka;M
'Weird Al';Yankovic;M
Derek;Yardley;M
Carl Gabriel;Yorke;M
Bill (I);Young;M
Jim;Youngs;M
Diamond;Yukai;M
Bernie;Yuman;M
Billy;Zane;M
Zhang Jin;Zhan;M
Donald;Zinn;M
Pamela;Abdy;F
Kelly;Adkins;F
Karen (I);Allen;F
Sara;Allen;F
Jennifer;Allswang;F
Suzy;Amis;F
Jo (I);Anderson;F
Sharon;Anderson;F
Jennifer;Aniston;F
Tracey;Antosiweicz;F
Rosanna;Arquette;F
Jennifer;Aspen;F
Nao;Asuka;F
Agnes;Aurelio;F
Julie (I);Austin;F
Wendy Lee;Avon;F
Debbon;Ayer;F
Rosalind;Ayres;F
Jacquie;Barnbrook;F
Alexandra;Bastedo;F
Bobbie;Bates;F
Kathy (I);Bates;F
Belinda (I);Bauer;F
Lisa;Baur;F
Reda;Beebe;F
Judith;Belushi-Pisano;F
Jackie;Belvin;F
Jodi;Benson;F
Joanne;Bett;F
Valerie;Bickford;F
Cecelia Ann;Birt;F
Renee;Blaine;F
Verna;Bloom;F
Petra;Boden;F
Citlati Guadalupe;Bojorquez;F
Eugenie;Bondurant;F
Helena;Bonham Carter;F
Dawn M.;Bourn;F
Sarah (I);Bowles;F
Melodee;Bowman;F
Alexandra;Boyd;F
Marianna;Breland;F
Fannie;Brett;F
Meghan;Broadhead;F
Mimi;Broadhead;F
Tamara (I);Brown;F
Carol;Bruce;F
Janice;Burchette;F
Olivia;Burnette;F
Carolyn;Byrne;F
Christina;Cabot;F
Mhairi;Calvey;F
Kimberly (I);Campbell;F
Andi;Carnick;F
Julia;Carothers Hughes;F
Pat (I);Carroll;F
Nancy;Cartwright;F
Diana;Castle;F
Laura;Cayouette;F
Suzanne;Celeste;F
Charlotte;Chatton;F
Violette;Chauveau;F
Mykel;Chaves;F
Gilda;Cohen;F
Barbara;Coles;F
Valerie;Colgan;F
Nikki (II);Collins;F
Teena;Collins;F
Holly Marie;Combs;F
Nellie;Connally;F
Mary Kay;Cook;F
Sofia;Coppola;F
Evelyn;Cox;F
Suzanne;Cox;F
Gail;Cronauer;F
Christie;Cronenweth;F
Caroline;Crosthwaite-Eyre;F
Alice Marie;Crowe;F
Cindy;Crowe;F
Lucia;Cruz Marroquin;F
Penélope;Cruz;F
Wilma Jeanne;Cummins;F
Sorcha;Cusack;F
Monica M.;Da Silva;F
Yû;Daiki;F
Jennifer;Darling;F
Lolita;Davidovich;F
Allison Pratt;Davis;F
Tori;Davis;F
Maria;De Aragon;F
Holly;De Jong;F
Maria;de Lourdes Lombera;F
Maria;de Medeiros;F
Ruth;de Sosa;F
Maria;Del Rosario Gutiérrez;F
Katherine;Denning;F
Natalie (I);Denning;F
Cameron;Diaz;F
Kim;Dickens;F
Angie;Dickinson;F
Misty;Dickinson;F
Julie;Donatt;F
Diana (I);Douglas;F
Illeana;Douglas;F
Ann;Dowd;F
Dierdre;Downing-Jackson;F
Fran;Drescher;F
Julie;Dreyfus;F
Celine;du Tertre;F
Kathleen S.;Dunn;F
Sadie (I);Eddon;F
Paddi;Edwards;F
Jennifer Jane;Emerson;F
Sherry;Engstrom;F
Jeannie;Epper;F
Kathryn;Erbe;F
Kim;Falkinburg;F
Carol;Farabee;F
Anna;Faris;F
Gail;Farrell;F
Amy;Ferguson;F
Carrie;Fisher;F
Frances (I);Fisher;F
Anne;Fletcher;F
Jill;Flint;F
Carol;Florence;F
Catherine;Flye;F
Gloria;Foster;F
Janine;Foster;F
Jorja;Fox;F
Lauren (I);Fox;F
Vivica A.;Fox;F
Laura (II);Fraser;F
Shelagh;Fraser;F
Kathleen (I);Freeman;F
Roxie M.;Frnka;F
Sachiko;Fujii;F
Ronnie Yoshiko;Fujiyama;F
Elisa;Gabrielli;F
Amy;Gaipa;F
Lori;Galinski;F
Bronagh;Gallagher;F
Aimee Amanda;Garten;F
Jo Lynn;Garten;F
Kathy;Garver;F
Kim;Genell;F
Barbara;George-Reiss;F
Jennifer;Gimenez;F
Jenette;Goldstein;F
Elizabeth;Gorcey;F
Barbara (II);Gordon;F
Denni;Gordon;F
Joanne;Gordon;F
Eydie;Gormé;F
Melissa Renee;Graehl;F
Ari;Graynor;F
Julie;Gregg;F
Mary Ethel;Gregory;F
Jennifer (I);Griffin;F
Kathy;Griffin;F
Susan;Griffiths;F
Stacy;Grooman;F
Rachel;Hammond;F
Perla;Haney-Jardine;F
Maureen;Hanley;F
Daryl;Hannah;F
April;Hardcastle;F
Marcia Gay;Harden;F
Kristina;Hare;F
Shalom;Harlow;F
Harriet Sansom;Harris;F
Oona;Hart;F
Pamela (II);Hart;F
Carrie;Henn;F
Julie A.;Herbert;F
Christine (I);Hewitt;F
Andie;Hicks;F
Jeanne (II);Hill;F
Colette;Hiller;F
Brenda;Hillhouse;F
Toshikawa;Hiromi;F
Jackie;Hoffman;F
Sarah;Holcomb;F
Katie;Holmes;F
Jayne;Houdyshell;F
Bryce Dallas;Howard;F
Cheryl (I);Howard;F
Jean Speegle;Howard;F
Janet;Huege;F
Samantha;Hunt;F
Holly;Hunter;F
Michelle;Hutchison;F
Elizabeth;Inglis;F
Susan (I);Isaacs;F
Victoria (I);Jackson;F
Jane (I);Jenkins;F
Kim (I);Jensen;F
Scarlett;Johansson;F
Fiona;Johnson;F
Lady Bird;Johnson;F
Nancy (I);Johnson;F
Sunny (II);Johnson;F
Angela (I);Jones;F
Annette;Jones;F
Linda (I);Jones;F
Aseneth;Jurgenson;F
Hiroko;Kawasaki;F
Linda;Kaye;F
Yuki;Kazamatsuri;F
Diane;Keaton;F
Caitlin;Keats;F
Susan;Kellerman;F
Ambrosia;Kelley;F
Jennifer Marie;Kelley;F
Caroline;Kennedy;F
Ethel (II);Kennedy;F
Jacqueline (I);Kennedy;F
Rose;Kennedy;F
Linda;Kerns;F
Helen (IV);Kim;F
Morgana;King;F
Sally (I);Kirkland;F
Rebecca;Klingler;F
Keira;Knightley;F
Larissa;Kokernot;F
Wynter;Kullman;F
Chiaki;Kuriyama;F
Melissa;Kurtz;F
Tiffany L.;Kurtz;F
Trisha;LaFache;F
Catherine (II);Lambert;F
Laramie;Landis;F
Sue Ane;Langdon;F
Kristyn Mae-Anne;Lao;F
Laurie;Latham;F
Priscilla;Lauris;F
Michelle Suzanne;LeDoux;F
Lorelei;Leslie;F
Lisa (I);Lewis;F
Lori;Lezama;F
Bev;Lillywhite;F
Jeannie;Linero;F
Laura;Linney;F
Michele (I);Little;F
Lucy;Liu;F
Tere;Livrano;F
Emily Ann;Lloyd;F
Anne (I);Lockhart;F
Emma;Lockhart;F
Amy;Long;F
Laura;Lovelace;F
Marilyn (II);Lovell;F
Vicki;Lucai;F
Linda;MacEwen;F
Ai (III);Maeda;F
Julie;Manase;F
Sophie;Marceau;F
Louisa;Marie;F
Jeanne;Marine;F
Mandana;Marino;F
Lynne;Marta;F
Karen;Martin;F
Veronica Janet;Martinez;F
Karen;Maruyama;F
Maria;Mason;F
Debbie;Mathieu;F
Lee Anne;Matusek;F
Frances Lee;McCain;F
Belinda;McClory;F
Edie;McClurg;F
Catherine;McCormack;F
Carolina;McCullough;F
Frances;McDormand;F
Ellen;McElduff;F
Erin;McElmurry;F
Mickie;McGowan;F
Kinna;McInroe;F
Karen;Meisinger;F
Yvette;Mercedes;F
Laurie;Metcalf;F
Mycole;Metcalf;F
Amy;Meyers;F
Ivana;Milicevic;F
Helen (I);Miller;F
Lindsey;Miller;F
Delaina;Mitchell;F
Rhona;Mitra;F
Akiko;Monou;F
Demi;Moore;F
Stephanie L.;Moore;F
Mary;Moorman;F
Diana (II);Morgan;F
Julie H.;Morgan;F
E.J.;Morris;F
Jennifer (II);Morrison;F
Mandy;Morton;F
Carrie-Anne;Moss;F
Marianne;Muellerleile;F
Lulie;Newcomb;F
Ada;Nicodemou;F
Diane;Nieman;F
Espher Lao;Nieves;F
Pat;Nixon;F
Sally;Nystuen;F
Ellen;O'Brien;F
Jenny;O'Hara;F
Tricia;O'Neil;F
Celeste;Oliva;F
Camilla;Overbye Roos;F
Alexandrea;Owens;F
Sonia Angelica;Padilla Curiel;F
Sarah Jessica;Parker;F
Alibe;Parsons;F
Janaya;Pender;F
Cheryl;Penland;F
Pat;Perkins;F
Melissa;Peterman;F
Amanda;Plummer;F
Catherine;Porter;F
Natalie;Portman;F
Beata;Pozniak;F
Jane;Pratt;F
Judy;Prestininzi;F
Kathleen;Quinlan;F
Ana Maria;Quintana;F
Georgia Rae;Rainer;F
Mary;Randle;F
Lisa;Ratzin;F
Elsa;Raven;F
Patty;Raya;F
Holly;Raye;F
Marcia;Reider;F
Julene;Renee;F
Eliza;Roberts;F
Julia;Roberts;F
Kimmy;Robertson;F
Laila;Robins;F
Margot;Rose;F
Pam;Rose;F
Rochelle;Rose;F
Thea;Rose;F
Soara-Joy;Ross;F
Emmy;Rossum;F
Kristin;Rudrüd;F
Lucy;Russell;F
Zabeth;Russell;F
Jeri;Ryan;F
Graciela;Salazar Mendoza;F
W. Lauren;Sanchez;F
Ani;Sava;F
Mary Kate;Schellhardt;F
Julia;Schuler;F
Cynthia Dale;Scott;F
Kelli (I);Scott;F
Sydney;Sedin;F
Natalie;Shedd;F
Jessica;Shepherd;F
Stacey;Sher;F
Ardell;Sheridan;F
Talia;Shire;F
Pam;Shoaib;F
Samia;Shoaib;F
Elisabeth;Shue;F
Jessica;Siemens;F
Patricia;Silva;F
Dorothy;Silver;F
Erica;Simmons;F
Lori;Singer;F
Rachel;Singer;F
Claire;Slemmer;F
Jean;Smart;F
Martha;Smith;F
Claire;Smithies;F
Dana (I);Snyder;F
Lisa;Soule;F
Sissy;Spacek;F
Filomena;Spagnuolo;F
Angela;Staines;F
Carly;Starr Brullo Niles;F
Simonetta;Stefanelli;F
Lisa R.;Stefanic;F
Shana;Stein;F
Nancy (I);Steiner;F
Gerda;Stevenson;F
Sara;Stewart;F
Rose;Stockton;F
Maria;Strova;F
Ann;Strub;F
Lusia;Strus;F
Gloria;Stuart;F
Julia;Sweeney;F
Tilda;Swinton;F
Akiko;Takeshita;F
Mia;Tate;F
Nicole;Taylor Hart;F
Christy (I);Taylor;F
Joann;Taylor;F
Billie Lee;Thrash;F
Uma;Thurman;F
Natalie;Tjen;F
Carmen;Trevino;F
Kelly;Trznadel;F
Shu Lan;Tuan;F
Terri Gay;Ulmer;F
Karen;Vaccaro;F
Venessia;Valentino;F
Musetta;Vander;F
Victoria;Vanderkloot;F
Rosario;Varela;F
Helen;Vick;F
Sylvia;Vitrungs;F
Alison;Waddell;F
Amber;Waddell;F
Linda Flores;Wade;F
Lori;Wagner;F
Linda;Wakeman;F
Cornell;Wallace;F
Diana Sadley;Way;F
Sigourney;Weaver;F
Liza;Weil;F
Gillian;Welch;F
Mary Louise;Weller;F
Alexandra;Wentworth;F
Jillian;Wheeler;F
Cheryl (II);White;F
Sharon (I);White;F
Dianne;Wiest;F
Laurel (I);Wiley;F
Lisle;Wilkerson;F
Christie;Will;F
Kris (III);Williams;F
Meadow;Williams;F
Rosemary;Willis;F
Susan;Willis;F
Maud;Winchester;F
Sally;Wingert;F
Kate;Winslet;F
Alicia;Witt;F
Elenor;Witt;F
Danielle;Wolf;F
Carolyn T.;Wright;F
Yoshiko;Yamaguchi;F
Hyowon K.;Yoo;F
